TimeStamp,User ID,Date Of Birth,city,country,Loyalty Card,Payment Card,PRM Type,Preferred means of transportation,Preferred carrier,Class,Seat,Refund Type,Travel Offer ID,Legs Number,Profile,Starting point,Destination,Via,Departure time,Arrival time,Services,Transfers,Transfer duration,Walking distance to stop,Walking speed,Cycling distance to stop,Cycling speed,Driving speed,Quick,Reliable,Cheap,Comfortable,Door-to-door,Environmentally friendly,Short,Multitasking,Social,Panoramic,Healthy,LegMode,LegCarrier,LegSeat,LegLength,Score
2021-05-02 03:32:39.597860,OLDUSER1,1965-08-08,Oxford,UK,['Grand Voyageur'],"['Paypal', 'Google Wallet', 'Mastercard', 'Visa', 'Apple Wallet']","['Pregnant woman', 'Persons with impairments in their members / users of temporary wheelchair']","['Metro', 'Airline', 'Bus', 'Cable Way', 'Park', 'Taxi', 'Coach', 'Toll', 'Urban', 'Ship', 'Car Sharing', 'Intercity', 'Tram']","[0.5, 0.0, 4.5, 0.0, 2.5, 5.0, 4.5, 0.0, 5.0, 1.5]",First Class,Aisle,Automatic refund,2021051202190518,7,Business,Dublin,Milan,"['Praha', 'Frankfurt', 'Madrid', 'Milan', 'Warsaw', 'Krumlov']",2022-10-20 21:49,2022-11-02 08:53,"['Local type', 'Water transport', 'Telecabin']",Max 1,At least 10 min,2500m,Slow,11000m,Fast,Fast,0.0445,0.5925,0.6653,0.7258,0.391,0.4759,0.348,0.7490000000000001,0.1773,0.2981,0.512,"['Urban', 'Other', 'Bus', 'Bike Sharing', 'Bus', 'Tram', 'Airline']","['AirFrance', 'SNFC', 'AirFrance', 'AirFrance', 'FlixBus', 'RegioJet', 'Iberia']","['Aisle', 'Window', 'Aisle', 'Large', 'Large', 'Aisle', 'Large']","[40, 18, 70, 51, 72, 17, 97]",0.5662650602409639
2021-05-02 03:32:39.597860,OLDUSER1,1965-08-08,Oxford,UK,['Grand Voyageur'],"['Paypal', 'Google Wallet', 'Mastercard', 'Visa', 'Apple Wallet']","['Pregnant woman', 'Persons with impairments in their members / users of temporary wheelchair']","['Metro', 'Airline', 'Bus', 'Cable Way', 'Park', 'Taxi', 'Coach', 'Toll', 'Urban', 'Ship', 'Car Sharing', 'Intercity', 'Tram']","[0.5, 0.0, 4.5, 0.0, 2.5, 5.0, 4.5, 0.0, 5.0, 1.5]",First Class,Aisle,Automatic refund,202105120219050,7,Business,Dublin,Milan,"['Bruxelle', 'Oxford', 'Barcelona', 'Krumlov', 'London', 'Paris']",2022-10-20 21:49,2022-11-02 08:53,"['Local type', 'Water transport', 'Telecabin']",Unlimited,At least 40 min,2500m,Slow,19000m,Fast,Fast,0.8379,0.9782,0.7129,0.0596,0.9501,0.9859,0.8865,0.0428,0.0811,0.5454,0.575,"['Other', 'Bike Sharing', 'Urban', 'Car Sharing', 'Metro', 'Urban', 'Car Sharing']","['AirFrance', 'TMB', 'SNFC', 'KLM', 'AirFrance', 'AirFrance', 'SNFC']","['Large', 'Window', 'Aisle', 'Window', 'Large', 'Window', 'Aisle']","[16, 87, 19, 41, 49, 25, 91]",0.5421686746987951
2021-05-02 03:32:39.597860,OLDUSER1,1965-08-08,Oxford,UK,['Grand Voyageur'],"['Paypal', 'Google Wallet', 'Mastercard', 'Visa', 'Apple Wallet']","['Pregnant woman', 'Persons with impairments in their members / users of temporary wheelchair']","['Metro', 'Airline', 'Bus', 'Cable Way', 'Park', 'Taxi', 'Coach', 'Toll', 'Urban', 'Ship', 'Car Sharing', 'Intercity', 'Tram']","[0.5, 0.0, 4.5, 0.0, 2.5, 5.0, 4.5, 0.0, 5.0, 1.5]",First Class,Aisle,Automatic refund,202105120219058,6,Business,Dublin,Milan,"['Berlin', 'Lisbon', 'Madrid', 'Dublin', 'Nice']",2022-10-20 21:49,2022-11-02 08:53,"['Local type', 'Water transport', 'Telecabin']",Max 1,At least 20 min,1000m,Slow,3500m,Fast,Fast,0.8537,0.439,0.3835,0.054000000000000006,0.401,0.6623,0.2402,0.3617,0.0754,0.5122,0.7764,"['Park', 'Park', 'Trolely Bus', 'Toll', 'Other', 'Cable Way']","['RegioJet', 'TMB', 'TMB', 'SNFC', 'KLM', 'TMB']","['Window', 'Window', 'Aisle', 'Window', 'Window', 'Window']","[11, 65, 38, 91, 14, 52]",0.5180722891566265
2021-05-02 03:32:39.597860,OLDUSER1,1965-08-08,Oxford,UK,['Grand Voyageur'],"['Paypal', 'Google Wallet', 'Mastercard', 'Visa', 'Apple Wallet']","['Pregnant woman', 'Persons with impairments in their members / users of temporary wheelchair']","['Metro', 'Airline', 'Bus', 'Cable Way', 'Park', 'Taxi', 'Coach', 'Toll', 'Urban', 'Ship', 'Car Sharing', 'Intercity', 'Tram']","[0.5, 0.0, 4.5, 0.0, 2.5, 5.0, 4.5, 0.0, 5.0, 1.5]",First Class,Aisle,Automatic refund,202105120219059,9,Business,Dublin,Milan,"['Praha', 'Brugge', 'Lisbon', 'Milan', 'Frankfurt', 'Dublin', 'Warsaw', 'Berlin']",2022-10-20 21:49,2022-11-02 08:53,"['Local type', 'Water transport', 'Telecabin']",Max 2,At least 10 min,2000m,Slow,13000m,Fast,Fast,0.4841,0.6155,0.4627,0.5361,0.0048,0.5077,0.9997,0.7529,0.0901,0.0203,0.3952,"['Tram', 'Intercity', 'Toll', 'Coach', 'Park', 'Train', 'Toll', 'Cable Way', 'Coach']","['Trenitalia', 'RegioJet', 'KLM', 'SNFC', 'VBB', 'RegioJet', 'TMB', 'Trenitalia', 'FlixBus']","['Window', 'Large', 'Aisle', 'Window', 'Window', 'Large', 'Aisle', 'Window', 'Aisle']","[22, 52, 66, 32, 85, 35, 23, 46, 62]",0.5060240963855421
2021-05-02 03:32:39.597860,OLDUSER1,1965-08-08,Oxford,UK,['Grand Voyageur'],"['Paypal', 'Google Wallet', 'Mastercard', 'Visa', 'Apple Wallet']","['Pregnant woman', 'Persons with impairments in their members / users of temporary wheelchair']","['Metro', 'Airline', 'Bus', 'Cable Way', 'Park', 'Taxi', 'Coach', 'Toll', 'Urban', 'Ship', 'Car Sharing', 'Intercity', 'Tram']","[0.5, 0.0, 4.5, 0.0, 2.5, 5.0, 4.5, 0.0, 5.0, 1.5]",First Class,Aisle,Automatic refund,202105120219055,4,Business,Dublin,Milan,"['Warsaw', 'Madrid', 'Dublin']",2022-10-20 21:49,2022-11-02 08:53,"['Local type', 'Water transport', 'Telecabin']",Unlimited,At least 15 min,500m,Slow,18500m,Fast,Fast,0.3695,0.8692,0.8733,0.5864,0.442,0.6629999999999999,0.507,0.0042,0.6612,0.6998,0.0704,"['Intercity', 'Metro', 'Toll', 'Train']","['Renfe', 'SNFC', 'FlixBus', 'Iberia']","['Aisle', 'Window', 'Aisle', 'Large']","[55, 17, 87, 54]",0.4939759036144578
2021-05-02 03:32:39.597860,OLDUSER1,1965-08-08,Oxford,UK,['Grand Voyageur'],"['Paypal', 'Google Wallet', 'Mastercard', 'Visa', 'Apple Wallet']","['Pregnant woman', 'Persons with impairments in their members / users of temporary wheelchair']","['Metro', 'Airline', 'Bus', 'Cable Way', 'Park', 'Taxi', 'Coach', 'Toll', 'Urban', 'Ship', 'Car Sharing', 'Intercity', 'Tram']","[0.5, 0.0, 4.5, 0.0, 2.5, 5.0, 4.5, 0.0, 5.0, 1.5]",First Class,Aisle,Automatic refund,202105120219054,9,Business,Dublin,Milan,"['Dublin', 'Barcelona', 'Madrid', 'Porto', 'Praha', 'Lisbon', 'Warsaw', 'London']",2022-10-20 21:49,2022-11-02 08:53,"['Local type', 'Water transport', 'Telecabin']",Unlimited,At least 40 min,4000m,Slow,15000m,Fast,Fast,0.326,0.4925,0.3469,0.3484,0.7823,0.5938,0.9113,0.7433,0.8859999999999999,0.9387,0.462,"['Other', 'Taxi', 'Funicular', 'Intercity', 'Cable Way', 'Bike Sharing', 'Toll', 'Airline', 'Coach']","['RegioJet', 'VBB', 'Trenitalia', 'AirFrance', 'VBB', 'AirFrance', 'KLM', 'RegioJet', 'AirFrance']","['Window', 'Aisle', 'Aisle', 'Window', 'Aisle', 'Aisle', 'Large', 'Large', 'Aisle']","[46, 63, 50, 52, 33, 98, 65, 19, 14]",0.4819277108433735
2021-05-02 03:32:39.597860,OLDUSER1,1965-08-08,Oxford,UK,['Grand Voyageur'],"['Paypal', 'Google Wallet', 'Mastercard', 'Visa', 'Apple Wallet']","['Pregnant woman', 'Persons with impairments in their members / users of temporary wheelchair']","['Metro', 'Airline', 'Bus', 'Cable Way', 'Park', 'Taxi', 'Coach', 'Toll', 'Urban', 'Ship', 'Car Sharing', 'Intercity', 'Tram']","[0.5, 0.0, 4.5, 0.0, 2.5, 5.0, 4.5, 0.0, 5.0, 1.5]",First Class,Aisle,Automatic refund,2021051202190511,10,Business,Dublin,Milan,"['Warsaw', 'Lisbon', 'Nice', 'Berlin', 'Kraków', 'Barcelona', 'Brugge', 'Paris', 'Dublin']",2022-10-20 21:49,2022-11-02 08:53,"['Local type', 'Water transport', 'Telecabin']",Max 3,normal,3000m,Slow,10000m,Fast,Fast,0.3519,0.1,0.3703,0.24600000000000002,0.7638,0.1263,0.6652,0.8649,0.3816,0.5705,0.0682,"['Urban', 'Airline', 'Toll', 'Bike Sharing', 'Trolely Bus', 'Bus', 'Tram', 'Trolely Bus', 'Train', 'Bike Sharing']","['VBB', 'KLM', 'AirFrance', 'VBB', 'VBB', 'Iberia', 'TMB', 'SNFC', 'SNFC', 'RegioJet']","['Large', 'Window', 'Window', 'Aisle', 'Large', 'Large', 'Large', 'Large', 'Large', 'Window']","[81, 50, 31, 34, 36, 47, 23, 34, 21, 21]",0.4819277108433735
2021-05-02 03:32:39.597860,OLDUSER1,1965-08-08,Oxford,UK,['Grand Voyageur'],"['Paypal', 'Google Wallet', 'Mastercard', 'Visa', 'Apple Wallet']","['Pregnant woman', 'Persons with impairments in their members / users of temporary wheelchair']","['Metro', 'Airline', 'Bus', 'Cable Way', 'Park', 'Taxi', 'Coach', 'Toll', 'Urban', 'Ship', 'Car Sharing', 'Intercity', 'Tram']","[0.5, 0.0, 4.5, 0.0, 2.5, 5.0, 4.5, 0.0, 5.0, 1.5]",First Class,Aisle,Automatic refund,202105120219051,7,Business,Dublin,Milan,"['Crok', 'Berlin', 'Porto', 'Nice', 'Frankfurt', 'Milan']",2022-10-20 21:49,2022-11-02 08:53,"['Local type', 'Water transport', 'Telecabin']",Max 3,At least 45 min,4000m,Slow,11500m,Fast,Fast,0.9101,0.9508,0.44,0.3331,0.8774,0.2769,0.6045,0.1897,0.9814,0.4553,0.3787,"['Park', 'Other', 'Urban', 'Bike Sharing', 'Bus', 'Train', 'Bike Sharing']","['VBB', 'Renfe', 'FlixBus', 'VBB', 'VBB', 'TMB', 'KLM']","['Large', 'Aisle', 'Aisle', 'Aisle', 'Large', 'Large', 'Aisle']","[68, 27, 58, 64, 18, 26, 35]",0.4578313253012048
2021-05-02 03:32:39.597860,OLDUSER1,1965-08-08,Oxford,UK,['Grand Voyageur'],"['Paypal', 'Google Wallet', 'Mastercard', 'Visa', 'Apple Wallet']","['Pregnant woman', 'Persons with impairments in their members / users of temporary wheelchair']","['Metro', 'Airline', 'Bus', 'Cable Way', 'Park', 'Taxi', 'Coach', 'Toll', 'Urban', 'Ship', 'Car Sharing', 'Intercity', 'Tram']","[0.5, 0.0, 4.5, 0.0, 2.5, 5.0, 4.5, 0.0, 5.0, 1.5]",First Class,Aisle,Automatic refund,2021051202190513,3,Business,Dublin,Milan,"['Bruxelle', 'Krumlov']",2022-10-20 21:49,2022-11-02 08:53,"['Local type', 'Water transport', 'Telecabin']",Max 2,At least 25 min,3500m,Slow,2000m,Fast,Fast,0.5243,0.4507,0.1313,0.5405,0.0285,0.5912,0.2684,0.8915,0.9687,0.408,0.6045,"['Trolely Bus', 'Airline', 'Other']","['TMB', 'TMB', 'RegioJet']","['Window', 'Window', 'Window']","[41, 67, 96]",0.4578313253012048
2021-05-02 03:32:39.597860,OLDUSER1,1965-08-08,Oxford,UK,['Grand Voyageur'],"['Paypal', 'Google Wallet', 'Mastercard', 'Visa', 'Apple Wallet']","['Pregnant woman', 'Persons with impairments in their members / users of temporary wheelchair']","['Metro', 'Airline', 'Bus', 'Cable Way', 'Park', 'Taxi', 'Coach', 'Toll', 'Urban', 'Ship', 'Car Sharing', 'Intercity', 'Tram']","[0.5, 0.0, 4.5, 0.0, 2.5, 5.0, 4.5, 0.0, 5.0, 1.5]",First Class,Aisle,Automatic refund,2021051202190512,4,Business,Dublin,Milan,"['Barcelona', 'London', 'Madrid']",2022-10-20 21:49,2022-11-02 08:53,"['Local type', 'Water transport', 'Telecabin']",Max 1,At least 45 min,2500m,Slow,4500m,Fast,Fast,0.6887,0.5252,0.9067,0.5783,0.1973,0.19699999999999998,0.2191,0.5439,0.2052,0.7078,0.3171,"['Bus', 'Park', 'Airline', 'Coach']","['Renfe', 'FlixBus', 'Renfe', 'Iberia']","['Window', 'Large', 'Large', 'Aisle']","[75, 93, 24, 36]",0.4457831325301205
2021-05-02 03:32:39.597860,OLDUSER1,1965-08-08,Oxford,UK,['Grand Voyageur'],"['Paypal', 'Google Wallet', 'Mastercard', 'Visa', 'Apple Wallet']","['Pregnant woman', 'Persons with impairments in their members / users of temporary wheelchair']","['Metro', 'Airline', 'Bus', 'Cable Way', 'Park', 'Taxi', 'Coach', 'Toll', 'Urban', 'Ship', 'Car Sharing', 'Intercity', 'Tram']","[0.5, 0.0, 4.5, 0.0, 2.5, 5.0, 4.5, 0.0, 5.0, 1.5]",First Class,Aisle,Automatic refund,202105120219053,9,Business,Dublin,Milan,"['Porto', 'Praha', 'Dublin', 'London', 'Crok', 'Berlin', 'Kraków', 'Brugge']",2022-10-20 21:49,2022-11-02 08:53,"['Local type', 'Water transport', 'Telecabin']",Max 2,At least 30 min,4000m,Slow,5000m,Fast,Fast,0.2355,0.0883,0.545,0.7123,0.0717,0.3505,0.1657,0.8754,0.1714,0.0156,0.8976,"['Other', 'Bus', 'Bike Sharing', 'Trolely Bus', 'Car Sharing', 'Cable Way', 'Funicular', 'Train', 'Tram']","['SNFC', 'SNFC', 'Trenitalia', 'SNFC', 'KLM', 'Renfe', 'KLM', 'TMB', 'RegioJet']","['Aisle', 'Aisle', 'Window', 'Aisle', 'Aisle', 'Large', 'Window', 'Window', 'Large']","[40, 56, 58, 37, 28, 58, 29, 43, 79]",0.42168674698795183
2021-05-02 03:32:39.597860,OLDUSER1,1965-08-08,Oxford,UK,['Grand Voyageur'],"['Paypal', 'Google Wallet', 'Mastercard', 'Visa', 'Apple Wallet']","['Pregnant woman', 'Persons with impairments in their members / users of temporary wheelchair']","['Metro', 'Airline', 'Bus', 'Cable Way', 'Park', 'Taxi', 'Coach', 'Toll', 'Urban', 'Ship', 'Car Sharing', 'Intercity', 'Tram']","[0.5, 0.0, 4.5, 0.0, 2.5, 5.0, 4.5, 0.0, 5.0, 1.5]",First Class,Aisle,Automatic refund,2021051202190514,10,Business,Dublin,Milan,"['Madrid', 'London', 'Kraków', 'Brugge', 'Frankfurt', 'Oxford', 'Rome', 'Krumlov', 'Milan']",2022-10-20 21:49,2022-11-02 08:53,"['Local type', 'Water transport', 'Telecabin']",Max 3,At least 15 min,2000m,Slow,8000m,Fast,Fast,0.8216,0.7020000000000001,0.6634,0.9593,0.6608,0.8184,0.7889,0.6316,0.3592,0.7152,0.2137,"['Bike Sharing', 'Train', 'Park', 'Car Sharing', 'Airline', 'Car Sharing', 'Metro', 'Taxi', 'Park', 'Trolely Bus']","['SNFC', 'TMB', 'Iberia', 'Iberia', 'SNFC', 'FlixBus', 'KLM', 'TMB', 'KLM', 'AirFrance']","['Window', 'Aisle', 'Aisle', 'Large', 'Aisle', 'Aisle', 'Large', 'Aisle', 'Aisle', 'Window']","[24, 64, 67, 21, 80, 65, 80, 17, 13, 84]",0.40963855421686746
2021-05-02 03:32:39.597860,OLDUSER1,1965-08-08,Oxford,UK,['Grand Voyageur'],"['Paypal', 'Google Wallet', 'Mastercard', 'Visa', 'Apple Wallet']","['Pregnant woman', 'Persons with impairments in their members / users of temporary wheelchair']","['Metro', 'Airline', 'Bus', 'Cable Way', 'Park', 'Taxi', 'Coach', 'Toll', 'Urban', 'Ship', 'Car Sharing', 'Intercity', 'Tram']","[0.5, 0.0, 4.5, 0.0, 2.5, 5.0, 4.5, 0.0, 5.0, 1.5]",First Class,Aisle,Automatic refund,2021051202190517,10,Business,Dublin,Milan,"['Brugge', 'Oxford', 'Frankfurt', 'Lisbon', 'Barcelona', 'London', 'Milan', 'Krumlov', 'Kraków']",2022-10-20 21:49,2022-11-02 08:53,"['Local type', 'Water transport', 'Telecabin']",Max 1,At least 20 min,1000m,Slow,18500m,Fast,Fast,0.2568,0.071,0.0285,0.2997,0.2582,0.9012,0.0475,0.2065,0.8001,0.9708,0.7697,"['Taxi', 'Cable Way', 'Other', 'Ship', 'Bus', 'Airline', 'Cable Way', 'Ship', 'Taxi', 'Taxi']","['FlixBus', 'FlixBus', 'RegioJet', 'AirFrance', 'Renfe', 'TMB', 'KLM', 'Renfe', 'KLM', 'RegioJet']","['Large', 'Aisle', 'Aisle', 'Aisle', 'Window', 'Aisle', 'Large', 'Window', 'Aisle', 'Aisle']","[85, 78, 80, 25, 98, 86, 20, 41, 25, 97]",0.39759036144578314
2021-05-02 03:32:39.597860,OLDUSER1,1965-08-08,Oxford,UK,['Grand Voyageur'],"['Paypal', 'Google Wallet', 'Mastercard', 'Visa', 'Apple Wallet']","['Pregnant woman', 'Persons with impairments in their members / users of temporary wheelchair']","['Metro', 'Airline', 'Bus', 'Cable Way', 'Park', 'Taxi', 'Coach', 'Toll', 'Urban', 'Ship', 'Car Sharing', 'Intercity', 'Tram']","[0.5, 0.0, 4.5, 0.0, 2.5, 5.0, 4.5, 0.0, 5.0, 1.5]",First Class,Aisle,Automatic refund,2021051202190516,4,Business,Dublin,Milan,"['Bruxelle', 'Porto', 'Berlin']",2022-10-20 21:49,2022-11-02 08:53,"['Local type', 'Water transport', 'Telecabin']",None,At least 35 min,2500m,Slow,7000m,Fast,Fast,0.6348,0.743,0.7641,0.866,0.591,0.7701,0.7783,0.5304,0.7596,0.8142,0.5489999999999999,"['Bike Sharing', 'Urban', 'Tram', 'Other']","['KLM', 'VBB', 'Renfe', 'RegioJet']","['Large', 'Aisle', 'Window', 'Aisle']","[15, 23, 61, 71]",0.39759036144578314
2021-05-02 03:32:39.597860,OLDUSER1,1965-08-08,Oxford,UK,['Grand Voyageur'],"['Paypal', 'Google Wallet', 'Mastercard', 'Visa', 'Apple Wallet']","['Pregnant woman', 'Persons with impairments in their members / users of temporary wheelchair']","['Metro', 'Airline', 'Bus', 'Cable Way', 'Park', 'Taxi', 'Coach', 'Toll', 'Urban', 'Ship', 'Car Sharing', 'Intercity', 'Tram']","[0.5, 0.0, 4.5, 0.0, 2.5, 5.0, 4.5, 0.0, 5.0, 1.5]",First Class,Aisle,Automatic refund,2021051202190510,6,Business,Dublin,Milan,"['Lisbon', 'Praha', 'Milan', 'London', 'Krumlov']",2022-10-20 21:49,2022-11-02 08:53,"['Local type', 'Water transport', 'Telecabin']",Unlimited,At least 20 min,1500m,Slow,18500m,Fast,Fast,0.973,0.8332,0.3546,0.5004,0.2492,0.2463,0.5492,0.6812,0.6651,0.7194,0.6678,"['Intercity', 'Taxi', 'Trolely Bus', 'Train', 'Tram', 'Airline']","['FlixBus', 'KLM', 'Renfe', 'Iberia', 'Renfe', 'RegioJet']","['Window', 'Aisle', 'Window', 'Large', 'Aisle', 'Aisle']","[38, 50, 45, 24, 94, 73]",0.39759036144578314
2021-05-02 03:32:39.597860,OLDUSER1,1965-08-08,Oxford,UK,['Grand Voyageur'],"['Paypal', 'Google Wallet', 'Mastercard', 'Visa', 'Apple Wallet']","['Pregnant woman', 'Persons with impairments in their members / users of temporary wheelchair']","['Metro', 'Airline', 'Bus', 'Cable Way', 'Park', 'Taxi', 'Coach', 'Toll', 'Urban', 'Ship', 'Car Sharing', 'Intercity', 'Tram']","[0.5, 0.0, 4.5, 0.0, 2.5, 5.0, 4.5, 0.0, 5.0, 1.5]",First Class,Aisle,Automatic refund,202105120219057,7,Business,Dublin,Milan,"['London', 'Barcelona', 'Warsaw', 'Bruxelle', 'Berlin', 'Rome']",2022-10-20 21:49,2022-11-02 08:53,"['Local type', 'Water transport', 'Telecabin']",Max 1,At least 20 min,3500m,Slow,4000m,Fast,Fast,0.5675,0.2752,0.7023,0.8845,0.993,0.4933,0.7041,0.5064,0.0001,0.935,0.6274,"['Intercity', 'Tram', 'Intercity', 'Ship', 'Coach', 'Trolely Bus', 'Airline']","['RegioJet', 'FlixBus', 'VBB', 'VBB', 'VBB', 'Trenitalia', 'FlixBus']","['Large', 'Window', 'Window', 'Large', 'Window', 'Window', 'Window']","[14, 73, 49, 96, 23, 90, 70]",0.3855421686746988
2021-05-02 03:32:39.597860,OLDUSER1,1965-08-08,Oxford,UK,['Grand Voyageur'],"['Paypal', 'Google Wallet', 'Mastercard', 'Visa', 'Apple Wallet']","['Pregnant woman', 'Persons with impairments in their members / users of temporary wheelchair']","['Metro', 'Airline', 'Bus', 'Cable Way', 'Park', 'Taxi', 'Coach', 'Toll', 'Urban', 'Ship', 'Car Sharing', 'Intercity', 'Tram']","[0.5, 0.0, 4.5, 0.0, 2.5, 5.0, 4.5, 0.0, 5.0, 1.5]",First Class,Aisle,Automatic refund,2021051202190519,3,Business,Dublin,Milan,"['Berlin', 'Oxford']",2022-10-20 21:49,2022-11-02 08:53,"['Local type', 'Water transport', 'Telecabin']",Max 2,At least 15 min,3000m,Slow,5000m,Fast,Fast,0.3056,0.1991,0.3049,0.3391,0.2939,0.1463,0.1028,0.5756,0.0282,0.8672,0.10800000000000001,"['Other', 'Bus', 'Cable Way']","['RegioJet', 'SNFC', 'SNFC']","['Window', 'Large', 'Aisle']","[57, 94, 11]",0.37349397590361444
2021-05-02 03:32:39.597860,OLDUSER1,1965-08-08,Oxford,UK,['Grand Voyageur'],"['Paypal', 'Google Wallet', 'Mastercard', 'Visa', 'Apple Wallet']","['Pregnant woman', 'Persons with impairments in their members / users of temporary wheelchair']","['Metro', 'Airline', 'Bus', 'Cable Way', 'Park', 'Taxi', 'Coach', 'Toll', 'Urban', 'Ship', 'Car Sharing', 'Intercity', 'Tram']","[0.5, 0.0, 4.5, 0.0, 2.5, 5.0, 4.5, 0.0, 5.0, 1.5]",First Class,Aisle,Automatic refund,202105120219052,9,Business,Dublin,Milan,"['Nice', 'Madrid', 'Barcelona', 'Dublin', 'Rome', 'London', 'Crok', 'Porto']",2022-10-20 21:49,2022-11-02 08:53,"['Local type', 'Water transport', 'Telecabin']",Max 1,At least 45 min,1500m,Slow,14500m,Fast,Fast,0.5239,0.3763,0.019,0.2866,0.2427,0.6397,0.3584,0.5634,0.3475,0.1304,0.1278,"['Park', 'Bus', 'Train', 'Trolely Bus', 'Cable Way', 'Ship', 'Metro', 'Bike Sharing', 'Funicular']","['RegioJet', 'Trenitalia', 'VBB', 'Iberia', 'Renfe', 'RegioJet', 'AirFrance', 'Renfe', 'KLM']","['Large', 'Aisle', 'Aisle', 'Window', 'Aisle', 'Window', 'Aisle', 'Aisle', 'Aisle']","[34, 44, 27, 66, 48, 83, 41, 22, 48]",0.3493975903614458
2021-05-02 03:32:39.597860,OLDUSER1,1965-08-08,Oxford,UK,['Grand Voyageur'],"['Paypal', 'Google Wallet', 'Mastercard', 'Visa', 'Apple Wallet']","['Pregnant woman', 'Persons with impairments in their members / users of temporary wheelchair']","['Metro', 'Airline', 'Bus', 'Cable Way', 'Park', 'Taxi', 'Coach', 'Toll', 'Urban', 'Ship', 'Car Sharing', 'Intercity', 'Tram']","[0.5, 0.0, 4.5, 0.0, 2.5, 5.0, 4.5, 0.0, 5.0, 1.5]",First Class,Aisle,Automatic refund,2021051202190515,7,Business,Dublin,Milan,"['Berlin', 'Bruxelle', 'Dublin', 'Brugge', 'Kraków', 'London']",2022-10-20 21:49,2022-11-02 08:53,"['Local type', 'Water transport', 'Telecabin']",Max 1,At least 15 min,2500m,Slow,9000m,Fast,Fast,0.9916,0.23199999999999998,0.8223,0.5351,0.8775,0.5611,0.3402,0.19899999999999998,0.1394,0.7605,0.1173,"['Other', 'Other', 'Tram', 'Park', 'Intercity', 'Bus', 'Bike Sharing']","['VBB', 'VBB', 'Iberia', 'FlixBus', 'Trenitalia', 'KLM', 'VBB']","['Window', 'Aisle', 'Window', 'Window', 'Large', 'Aisle', 'Large']","[58, 31, 76, 55, 86, 12, 28]",0.3253012048192771
2021-05-02 03:32:39.597860,OLDUSER1,1965-08-08,Oxford,UK,['Grand Voyageur'],"['Paypal', 'Google Wallet', 'Mastercard', 'Visa', 'Apple Wallet']","['Pregnant woman', 'Persons with impairments in their members / users of temporary wheelchair']","['Metro', 'Airline', 'Bus', 'Cable Way', 'Park', 'Taxi', 'Coach', 'Toll', 'Urban', 'Ship', 'Car Sharing', 'Intercity', 'Tram']","[0.5, 0.0, 4.5, 0.0, 2.5, 5.0, 4.5, 0.0, 5.0, 1.5]",First Class,Aisle,Automatic refund,202105120219056,1,Business,Dublin,Milan,[],2022-10-20 21:49,2022-11-02 08:53,"['Local type', 'Water transport', 'Telecabin']",Unlimited,At least 15 min,4000m,Slow,13500m,Fast,Fast,0.2943,0.9888,0.1886,0.8089,0.6814,0.2332,0.8777,0.0207,0.7954,0.4852,0.1139,['Intercity'],['Iberia'],['Window'],[70],0.30120481927710846
